Draw Date,Winning Numbers,,,,,Powerball,Power Play
05/09/2022,18,56,30,35,52,5,2
05/07/2022,5,28,6,67,4,10,2
05/04/2022,55,63,69,39,37,23,2
05/02/2022,18,39,44,33,27,8,5
04/30/2022,21,37,44,63,14,1,3
04/27/2022,62,68,61,11,36,4,2
04/25/2022,18,61,12,39,20,10,2
04/23/2022,49,10,56,39,47,8,3
04/20/2022,55,30,56,20,45,14,2
04/18/2022,8,33,59,55,62,18,2
04/16/2022,62,32,15,65,21,26,5
04/13/2022,63,68,41,16,14,26,2
04/11/2022,5,34,24,31,7,4,2
04/09/2022,62,31,66,6,16,18,2
04/06/2022,6,45,47,42,64,18,3
04/04/2022,2,39,69,32,46,6,2
04/02/2022,58,59,47,28,6,18,2
03/30/2022,37,3,31,21,7,11,3
03/28/2022,62,11,18,58,39,3,2
03/26/2022,2,50,10,59,61,6,3
03/23/2022,37,38,31,32,48,24,2
03/21/2022,26,15,65,63,1,16,2
03/19/2022,9,52,18,8,48,6,2
03/16/2022,58,35,28,34,3,17,2
03/14/2022,21,28,32,49,44,6,3
03/12/2022,19,39,37,61,20,8,2
03/09/2022,34,13,22,67,51,10,2
03/07/2022,59,67,10,55,43,2,3
03/05/2022,37,23,52,63,8,13,2
03/02/2022,63,61,48,19,37,12,2
02/28/2022,21,7,39,47,55,19,2
02/26/2022,48,32,36,64,15,19,3
02/23/2022,64,35,17,6,21,18,2
02/21/2022,37,45,36,69,2,3,2
02/19/2022,10,3,15,42,33,11,2
02/16/2022,40,22,48,30,42,16,2
02/14/2022,49,55,16,27,25,17,3
02/12/2022,10,8,41,21,62,7,3
02/09/2022,63,17,51,2,33,26,2
02/07/2022,65,5,15,38,47,10,3
02/05/2022,39,61,27,16,5,24,2
02/02/2022,33,62,18,63,29,15,3
01/31/2022,61,10,69,51,15,14,3
01/29/2022,54,2,15,65,38,11,4
01/26/2022,69,38,49,4,11,16,3
01/24/2022,11,53,47,30,29,16,3
01/22/2022,67,14,8,33,36,17,2
01/19/2022,11,43,61,15,55,10,3
01/17/2022,46,65,24,35,9,22,2
01/15/2022,3,59,37,51,18,13,2
01/12/2022,21,22,30,12,33,24,4
01/10/2022,17,21,14,27,18,9,2
01/08/2022,21,20,65,36,60,13,10
01/05/2022,25,6,14,33,46,17,2
01/03/2022,2,33,13,32,48,22,2
01/01/2022,39,48,12,50,6,7,2
12/29/2021,39,6,9,33,2,11,2
12/27/2021,62,45,36,64,38,19,2
12/25/2021,29,45,58,55,27,2,3
12/22/2021,16,68,48,7,19,15,2
12/20/2021,13,66,2,23,34,2,4
12/18/2021,61,24,51,6,2,1,2
12/15/2021,19,20,59,40,42,15,3
12/13/2021,10,37,59,53,30,4,2
12/11/2021,25,53,44,3,64,10,2
12/08/2021,33,50,7,3,69,24,2
12/06/2021,3,21,59,50,38,6,3
12/04/2021,56,45,10,40,67,2,2
12/01/2021,12,57,38,15,63,24,2
11/29/2021,28,26,18,38,47,17,2
11/27/2021,32,55,66,64,8,10,2
11/24/2021,65,16,63,10,32,17,2
11/22/2021,7,67,20,29,38,22,2
11/20/2021,48,59,40,69,43,19,3
11/17/2021,48,3,60,16,52,1,3
11/15/2021,53,31,51,34,5,23,2
11/13/2021,45,15,35,26,8,9,3
11/10/2021,46,25,43,48,19,14,2
11/08/2021,47,46,62,57,21,8,3
11/06/2021,64,8,48,30,57,9,2
11/03/2021,50,1,57,24,2,26,2
11/01/2021,44,9,25,34,45,8,3
10/30/2021,56,23,28,5,43,19,2
10/27/2021,3,26,51,35,6,17,4
10/25/2021,29,58,44,10,27,24,2
10/23/2021,30,10,57,63,51,20,2
10/20/2021,7,41,29,43,36,5,2
10/18/2021,53,30,63,48,32,12,2
10/16/2021,30,48,31,41,42,3,3
10/13/2021,47,23,59,29,60,15,2
10/11/2021,20,11,33,39,65,24,3
10/09/2021,62,12,30,17,45,5,2
10/06/2021,17,64,52,1,58,1,10
10/04/2021,66,12,22,54,69,15,2
10/02/2021,42,38,47,52,28,1,2
09/29/2021,32,17,2,7,11,11,3
09/27/2021,44,21,22,39,60,12,2
09/25/2021,37,23,62,22,63,19,3
09/22/2021,47,63,20,40,55,5,3
09/20/2021,58,51,37,54,60,19,2
09/18/2021,45,39,5,57,36,11,2
09/15/2021,46,4,62,1,18,25,3
09/13/2021,37,63,61,50,40,21,3
09/11/2021,40,38,31,20,49,21,2
09/08/2021,22,9,41,61,47,21,2
09/06/2021,33,11,54,22,20,24,2
09/04/2021,54,32,35,40,52,1,5
09/01/2021,10,20,29,48,51,17,2
08/30/2021,61,3,51,45,15,8,2
08/28/2021,12,59,46,26,22,26,2
08/25/2021,39,59,27,54,56,24,3
08/23/2021,47,17,61,36,60,15,3
08/21/2021,59,39,36,16,28,4,2
08/18/2021,36,61,55,51,35,26,2
08/14/2021,6,65,49,67,21,18,2
08/11/2021,18,12,29,20,30,16,3
08/07/2021,24,54,7,60,36,23,2
08/04/2021,36,5,21,58,32,14,2
07/31/2021,21,22,34,1,47,4,2
07/28/2021,53,25,60,59,30,5,3
07/24/2021,4,11,67,1,59,10,2
07/21/2021,27,44,67,28,68,11,2
07/17/2021,54,38,22,15,66,3,2
07/14/2021,52,62,33,59,46,10,2
07/10/2021,29,1,62,5,54,3,2
07/07/2021,8,49,57,30,21,8,2
07/03/2021,26,55,40,41,65,24,2
06/30/2021,50,66,24,65,29,14,4
06/26/2021,31,60,43,8,39,17,3
06/23/2021,20,40,63,13,51,1,3
06/19/2021,38,22,4,39,35,20,2
06/16/2021,19,34,50,44,29,25,2
06/12/2021,8,41,38,25,34,10,3
06/09/2021,54,46,28,50,19,9,2
06/05/2021,64,52,44,69,54,26,3
06/02/2021,67,7,6,11,66,19,3
05/29/2021,13,11,46,22,27,20,2
05/26/2021,21,62,34,8,2,16,2
05/22/2021,40,3,27,37,19,8,2
05/19/2021,11,69,13,56,55,4,2
05/15/2021,39,4,10,37,69,24,3
05/12/2021,20,19,1,38,54,17,2
05/08/2021,20,17,12,21,26,8,3
05/05/2021,63,28,16,40,23,1,2
05/01/2021,47,36,63,35,61,3,3
04/28/2021,16,35,53,18,39,21,3
04/24/2021,36,61,59,22,48,22,3
04/21/2021,25,32,21,67,63,6,2
04/17/2021,41,21,26,10,49,25,2
04/14/2021,13,45,33,30,61,14,2
04/10/2021,16,53,23,50,14,3,3
04/07/2021,27,66,35,39,51,16,5
04/03/2021,39,17,12,53,1,5,2
03/31/2021,3,55,10,44,68,24,2
03/27/2021,39,65,6,14,38,6,3
03/24/2021,38,27,4,17,9,18,2
03/20/2021,6,61,42,1,22,4,3
03/17/2021,62,61,38,34,42,19,2
03/13/2021,56,61,11,51,5,2,2
03/10/2021,44,17,53,18,37,18,3
03/06/2021,50,11,58,52,31,18,4
03/03/2021,55,44,21,50,40,16,3
02/27/2021,44,31,2,52,28,18,3
02/24/2021,65,33,4,53,43,21,3
02/20/2021,22,8,32,4,58,4,10
02/17/2021,15,46,21,1,32,1,3
02/13/2021,68,33,20,63,28,20,2
02/10/2021,67,63,58,15,39,7,2
02/06/2021,48,1,65,16,49,8,2
02/03/2021,64,66,40,5,37,5,3
01/30/2021,61,2,7,52,1,4,3
01/27/2021,35,52,17,42,33,9,3
01/23/2021,8,5,17,28,27,14,3
01/20/2021,53,60,40,68,69,22,3
01/16/2021,67,20,65,14,39,2,3
01/13/2021,49,4,23,25,19,14,2
01/09/2021,45,46,26,14,38,13,2
01/06/2021,1,66,20,22,60,3,3
01/02/2021,3,67,41,4,11,5,2
12/30/2020,45,65,43,61,3,14,2
12/26/2020,35,53,27,24,10,18,2
12/23/2020,6,38,53,39,13,6,3
12/19/2020,27,52,43,32,34,13,2
12/16/2020,37,4,67,23,61,7,2
12/12/2020,56,17,54,63,69,20,2
12/09/2020,47,31,14,48,11,4,3
12/05/2020,4,53,6,48,3,10,2
12/02/2020,40,28,31,41,46,4,3
11/28/2020,12,51,44,8,18,18,2
11/25/2020,57,2,65,58,60,26,2
11/21/2020,69,54,57,51,60,11,2
11/18/2020,17,4,43,5,52,5,2
11/14/2020,45,32,7,18,15,20,2
11/11/2020,63,13,45,17,15,13,2
11/07/2020,16,14,58,37,48,18,2
11/04/2020,49,33,45,23,32,14,2
10/31/2020,40,2,42,55,6,24,3
10/28/2020,37,40,11,28,53,13,2
10/24/2020,27,65,45,20,18,6,2
10/21/2020,44,13,1,3,56,26,3
10/17/2020,6,31,37,10,44,23,2
10/14/2020,37,52,58,53,21,5,2
10/10/2020,23,50,18,40,5,18,3
10/07/2020,6,56,53,30,24,19,2
10/03/2020,18,47,31,43,36,20,2
09/30/2020,67,49,18,14,36,18,2
09/26/2020,62,36,11,21,27,24,3
09/23/2020,8,17,52,59,49,1,2
09/19/2020,14,47,57,23,11,14,4
09/16/2020,31,10,17,51,53,1,2
09/12/2020,16,67,17,53,20,4,2
09/09/2020,55,27,64,52,60,21,3
09/05/2020,27,15,22,47,21,7,2
09/02/2020,11,20,4,69,1,18,2
08/29/2020,22,5,21,29,43,10,2
08/26/2020,8,19,47,58,12,2,2
08/22/2020,36,19,42,30,66,14,3
08/19/2020,13,47,55,23,58,23,10
08/15/2020,5,34,56,45,12,3,3
08/12/2020,18,6,36,2,37,21,2
08/08/2020,14,2,3,40,51,24,3
08/05/2020,65,7,14,57,17,24,5
08/01/2020,43,48,36,25,6,24,3
07/29/2020,7,40,29,35,45,26,2
07/25/2020,36,5,62,21,61,18,2
07/22/2020,16,36,25,44,55,14,3
07/18/2020,32,59,13,58,16,9,2
07/15/2020,61,69,47,27,62,4,10
07/11/2020,61,14,19,62,64,4,2
07/08/2020,36,10,3,34,62,5,10
07/04/2020,60,16,21,27,61,6,2
07/01/2020,53,28,15,52,63,18,4
06/27/2020,36,56,49,62,9,8,2
06/24/2020,15,22,46,27,33,23,3
06/20/2020,67,10,31,63,41,5,3
06/17/2020,10,7,68,64,63,10,3
06/13/2020,65,12,2,32,50,5,3
06/10/2020,33,10,41,54,52,18,5
06/06/2020,68,38,69,1,17,18,2
06/03/2020,64,26,1,3,41,17,2
05/30/2020,32,13,58,41,60,14,2
05/27/2020,58,38,59,64,68,21,3
05/23/2020,2,23,8,18,21,16,4
05/20/2020,42,40,50,18,34,9,2
05/16/2020,8,12,26,42,39,11,2
05/13/2020,57,54,53,56,39,20,3
05/09/2020,42,12,65,48,18,19,5
05/06/2020,65,8,7,50,35,20,4
05/02/2020,58,33,13,68,16,24,5
04/29/2020,49,61,67,2,20,20,2
04/25/2020,1,21,3,57,47,18,2
04/22/2020,1,40,69,33,35,24,5
04/18/2020,46,63,56,4,44,19,2
04/15/2020,10,33,41,12,36,2,3
04/11/2020,29,47,30,22,42,17,3
04/08/2020,48,54,39,2,37,5,3
04/04/2020,40,43,31,8,39,4,3
04/01/2020,60,45,48,33,35,16,2
03/28/2020,40,7,55,66,48,11,2
03/25/2020,42,9,5,27,39,16,2
03/21/2020,69,23,2,59,40,13,2
03/18/2020,27,15,59,44,63,8,4
03/14/2020,26,32,9,23,30,8,3
03/11/2020,29,50,67,4,49,2,4
03/07/2020,15,62,7,21,33,23,2
03/04/2020,68,60,18,43,58,14,2
02/29/2020,24,50,46,44,51,13,3
02/26/2020,27,29,36,47,8,24,3
02/22/2020,61,62,37,39,25,11,3
02/19/2020,15,10,12,56,19,19,2
02/15/2020,32,16,36,46,35,3,3
02/12/2020,55,68,47,54,14,25,2
02/08/2020,59,66,35,50,49,6,2
02/05/2020,57,41,35,30,23,2,3
02/01/2020,33,60,54,57,12,13,4
01/29/2020,12,60,9,15,31,2,2
01/25/2020,36,17,2,67,9,18,2
01/22/2020,33,59,44,67,11,8,3
01/18/2020,24,68,20,38,56,18,2
01/15/2020,39,55,53,41,68,19,2
01/11/2020,23,59,31,3,21,3,2
01/08/2020,7,43,56,4,2,22,4
01/04/2020,54,1,25,21,11,7,2
01/01/2020,49,53,57,59,62,26,2
12/28/2019,59,23,39,20,60,18,2
12/25/2019,4,16,2,30,46,20,2
12/21/2019,50,35,67,19,31,14,2
12/18/2019,39,26,68,18,14,9,2
12/14/2019,6,32,3,12,64,19,3
12/11/2019,24,42,29,44,63,10,4
12/07/2019,66,53,18,42,62,25,3
12/04/2019,8,44,61,51,27,14,3
11/30/2019,42,35,15,63,68,18,4
11/27/2019,26,55,37,53,15,21,2
11/23/2019,38,28,66,35,61,23,3
11/20/2019,40,15,39,57,7,12,2
11/16/2019,26,55,63,14,22,26,3
11/13/2019,23,28,66,27,26,11,2
11/09/2019,14,38,60,35,17,25,2
11/06/2019,64,46,28,62,15,17,3
11/02/2019,23,37,32,58,3,22,2
10/30/2019,56,67,52,19,22,21,2
10/26/2019,3,54,20,59,48,4,4
10/23/2019,61,50,12,5,69,23,2
10/19/2019,65,27,59,14,29,12,2
10/16/2019,67,1,25,5,63,3,2
10/12/2019,12,34,53,65,29,23,2
10/09/2019,5,43,65,18,33,2,2
10/05/2019,6,51,36,54,14,4,2
10/02/2019,43,53,8,10,4,7,2
09/28/2019,51,55,34,15,23,4,2
09/25/2019,44,43,37,45,53,25,3
09/21/2019,1,68,36,22,9,22,2
09/18/2019,14,19,47,51,39,15,3
09/14/2019,31,11,27,36,67,11,2
09/11/2019,53,24,57,6,17,3,3
09/07/2019,41,56,20,11,42,6,2
09/04/2019,52,30,8,4,59,2,10
08/31/2019,41,50,14,56,57,18,5
08/28/2019,32,9,41,56,37,14,10
08/24/2019,47,20,12,21,5,1,2
08/21/2019,22,32,21,12,29,21,2
08/17/2019,24,30,18,21,60,20,3
08/14/2019,51,69,30,10,13,10,2
08/10/2019,41,59,58,44,35,3,3
08/07/2019,47,8,59,32,53,3,3
08/03/2019,45,68,3,6,66,13,2
07/31/2019,14,37,67,47,55,6,2
07/27/2019,61,19,1,48,31,6,2
07/24/2019,29,53,56,35,22,13,2
07/20/2019,5,64,36,26,69,19,3
07/17/2019,19,47,68,60,43,10,2
07/13/2019,32,35,13,23,68,21,3
07/10/2019,7,68,9,26,44,3,3
07/06/2019,4,8,46,23,65,1,2
07/03/2019,50,45,43,40,61,25,3
06/29/2019,59,13,24,62,17,8,2
06/26/2019,54,22,16,1,5,24,3
06/22/2019,66,14,3,6,11,21,2
06/19/2019,26,38,21,4,18,1,3
06/15/2019,8,11,49,16,14,14,3
06/12/2019,42,57,35,38,5,13,2
06/08/2019,13,9,48,42,60,18,2
06/05/2019,38,17,28,34,23,8,3
06/01/2019,34,45,6,52,15,8,2
05/29/2019,61,3,42,32,34,7,2
05/25/2019,43,39,2,66,1,2,3
05/22/2019,7,44,57,10,20,3,2
05/18/2019,2,10,66,67,25,26,4
05/15/2019,33,68,61,17,7,4,2
05/11/2019,40,9,8,6,37,26,2
05/08/2019,66,64,45,53,1,3,3
05/04/2019,30,6,23,16,61,2,2
05/01/2019,66,28,23,56,5,17,5
04/27/2019,45,29,62,41,2,6,3
04/24/2019,35,65,32,36,6,4,5
04/20/2019,3,63,27,65,30,1,3
04/17/2019,15,46,66,17,1,15,3
04/13/2019,17,26,32,4,49,10,2
04/10/2019,39,12,21,23,67,6,4
04/06/2019,33,43,60,59,15,8,3
04/03/2019,25,16,32,49,19,18,2
03/30/2019,54,52,21,64,68,4,3
03/27/2019,44,62,20,37,16,12,3
03/23/2019,66,52,60,24,25,5,3
03/20/2019,10,53,50,63,14,21,2
03/16/2019,67,30,34,39,53,11,2
03/13/2019,69,36,45,47,18,14,3
03/09/2019,45,5,59,55,6,14,3
03/06/2019,21,35,10,6,46,23,2
03/02/2019,27,68,25,19,1,21,2
02/27/2019,49,31,59,42,21,23,5
02/23/2019,32,4,20,6,14,13,2
02/20/2019,50,52,49,51,27,2,2
02/16/2019,48,30,41,64,29,1,4
02/13/2019,2,24,8,69,14,26,2
02/09/2019,7,39,2,3,1,25,3
02/06/2019,13,28,5,63,38,21,5
02/02/2019,10,43,17,18,65,13,5
01/30/2019,16,2,12,29,54,6,2
01/26/2019,12,8,21,32,20,10,4
01/23/2019,50,25,48,23,47,24,3
01/19/2019,5,65,8,66,41,20,3
01/16/2019,14,61,29,31,56,1,2
01/12/2019,57,58,7,36,48,24,2
01/09/2019,19,59,37,6,49,22,3
01/05/2019,15,27,69,7,3,19,2
01/02/2019,56,46,42,12,8,12,2
12/29/2018,51,53,42,62,12,25,2
12/26/2018,52,38,25,67,5,24,2
12/22/2018,40,59,28,21,30,26,3
12/19/2018,43,31,29,37,15,16,2
12/15/2018,8,38,55,52,43,17,3
12/12/2018,9,64,29,21,4,26,2
12/08/2018,61,14,34,32,46,10,2
12/05/2018,36,38,9,11,37,11,5
12/01/2018,10,58,47,11,55,26,2
11/28/2018,4,68,59,69,19,21,2
11/24/2018,56,33,58,51,11,18,2
11/21/2018,14,23,38,7,55,18,2
11/17/2018,8,6,68,20,52,5,2
11/14/2018,49,62,42,7,69,23,5
11/10/2018,53,29,5,57,34,24,2
11/07/2018,50,28,34,42,26,25,2
11/03/2018,24,65,21,32,15,11,3
10/31/2018,40,39,47,7,25,20,3
10/27/2018,13,12,8,27,19,4,3
10/24/2018,56,53,45,21,3,22,2
10/20/2018,62,16,54,57,69,23,2
10/17/2018,3,64,69,68,57,15,3
10/13/2018,14,65,11,43,32,15,3
10/10/2018,27,60,42,23,8,7,3
10/06/2018,22,53,27,67,1,15,3
10/03/2018,63,66,53,59,41,3,3
09/29/2018,9,17,34,59,64,22,2
09/26/2018,7,1,30,50,2,8,5
09/22/2018,61,24,69,64,63,18,5
09/19/2018,50,4,51,48,39,11,3
09/15/2018,19,18,24,34,2,3,3
09/12/2018,28,48,63,6,64,24,2
09/08/2018,20,32,3,33,13,21,3
09/05/2018,59,60,6,50,15,13,2
09/01/2018,54,66,55,61,11,9,3
08/29/2018,53,25,41,67,57,12,2
08/25/2018,25,20,57,63,54,8,2
08/22/2018,45,1,47,69,7,13,2
08/18/2018,34,67,52,61,24,16,3
08/15/2018,28,15,12,47,48,16,2
08/11/2018,56,43,5,68,62,24,2
08/08/2018,21,63,30,43,10,17,2
08/04/2018,38,58,3,11,44,2,4
08/01/2018,5,38,22,58,32,26,2
07/28/2018,27,65,56,46,22,13,2
07/25/2018,64,44,18,2,41,26,2
07/21/2018,9,56,58,23,68,1,2
07/18/2018,28,36,10,1,27,12,2
07/14/2018,49,22,41,67,42,11,3
07/11/2018,21,19,47,27,46,7,4
07/07/2018,45,43,1,10,64,22,3
07/04/2018,7,41,15,4,44,10,2
06/30/2018,9,3,20,42,61,24,2
06/27/2018,63,28,62,7,37,15,2
06/23/2018,29,56,45,16,43,25,2
06/20/2018,14,56,27,4,23,13,2
06/16/2018,65,9,58,57,45,9,2
06/13/2018,13,38,45,20,55,1,2
06/09/2018,36,10,25,6,15,14,3
06/06/2018,53,28,41,23,56,14,3
06/02/2018,23,37,64,44,25,7,4
05/30/2018,46,23,26,17,68,20,2
05/26/2018,45,31,21,1,49,21,2
05/23/2018,20,54,61,56,64,7,4
05/19/2018,56,9,17,3,6,25,3
05/16/2018,17,22,21,19,51,19,2
05/12/2018,42,56,22,55,45,14,3
05/09/2018,50,69,16,38,11,19,2
05/05/2018,29,36,14,61,57,17,4
05/02/2018,40,5,31,50,14,6,2
04/28/2018,28,50,22,45,20,8,5
04/25/2018,18,17,39,64,56,12,3
04/21/2018,50,69,54,62,40,19,2
04/18/2018,12,17,10,9,23,9,2
04/14/2018,61,17,19,26,62,15,2
04/11/2018,67,18,16,55,27,18,3
04/07/2018,38,2,20,17,39,20,2
04/04/2018,42,64,54,8,24,24,4
03/31/2018,24,55,52,61,8,21,3
03/28/2018,53,8,52,6,26,21,2
03/24/2018,33,56,53,10,45,24,3
03/21/2018,29,4,61,3,18,25,2
03/17/2018,60,66,22,59,57,7,2
03/14/2018,12,24,6,41,68,9,3
03/10/2018,69,43,54,44,61,22,3
03/07/2018,36,6,19,13,51,18,2
03/03/2018,40,17,36,25,13,5,2
02/28/2018,69,12,65,59,30,16,5
02/24/2018,38,25,62,63,24,6,2
02/21/2018,7,36,31,15,34,8,3
02/17/2018,26,62,39,13,44,2,3
02/14/2018,44,46,37,39,69,26,2
02/10/2018,27,13,41,59,1,20,5
02/07/2018,40,35,34,47,23,10,2
02/03/2018,15,48,23,27,53,6,2
01/31/2018,7,4,14,59,46,22,10
01/27/2018,54,26,17,21,47,7,2
01/24/2018,11,9,5,33,64,21,3
01/20/2018,28,26,58,47,49,3,4
01/17/2018,33,51,3,37,57,21,2
01/13/2018,69,25,35,14,58,24,2
01/10/2018,7,24,50,49,33,4,5
01/06/2018,12,61,30,29,33,26,3
01/03/2018,42,39,18,2,37,12,3
12/30/2017,58,28,51,41,36,24,2
12/27/2017,16,60,3,56,9,3,3
12/23/2017,44,15,1,13,3,25,2
12/20/2017,20,61,64,1,69,20,2
12/16/2017,35,63,37,9,50,11,2
12/13/2017,2,28,51,58,24,7,3
12/09/2017,36,60,55,37,25,6,5
12/06/2017,50,19,55,62,20,9,2
12/02/2017,32,30,36,28,58,6,3
11/29/2017,59,28,26,24,63,16,3
11/25/2017,53,8,54,27,13,4,2
11/22/2017,61,51,37,46,35,13,2
11/18/2017,17,31,28,32,39,26,3
11/15/2017,48,32,44,50,23,25,2
11/11/2017,56,6,4,30,16,18,2
11/08/2017,12,21,14,34,20,22,2
11/04/2017,51,48,12,26,14,13,3
11/01/2017,26,3,19,6,44,1,2
10/28/2017,35,27,57,66,38,10,2
10/25/2017,57,54,29,22,18,8,3
10/21/2017,14,45,69,41,42,4,2
10/18/2017,69,54,49,30,66,8,2
10/14/2017,56,37,69,32,66,11,3
10/11/2017,1,69,19,3,13,23,2
10/07/2017,61,10,49,65,63,7,2
10/04/2017,23,63,62,66,22,24,2
09/30/2017,8,25,12,41,64,15,3
09/27/2017,21,25,10,23,8,22,3
09/23/2017,45,24,56,55,57,19,2
09/20/2017,68,48,67,39,53,26,3
09/16/2017,31,24,25,17,18,24,2
09/13/2017,24,63,35,57,17,19,3
09/09/2017,59,20,6,57,29,22,2
09/06/2017,32,14,8,58,67,17,3
09/02/2017,62,41,21,52,6,26,2
08/30/2017,43,19,69,28,67,7,2
08/26/2017,66,15,7,38,32,15,2
08/23/2017,7,26,16,23,6,4,4
08/19/2017,17,68,19,43,39,13,4
08/16/2017,64,43,60,9,15,4,3
08/12/2017,35,20,49,26,24,19,2
08/09/2017,12,30,47,62,36,9,4
08/05/2017,33,21,45,11,28,11,2
08/02/2017,16,1,54,63,69,18,3
07/29/2017,1,40,28,48,45,12,2
07/26/2017,19,42,21,7,69,12,2
07/22/2017,44,32,60,5,53,9,3
07/19/2017,63,51,59,61,50,4,5
07/15/2017,40,66,9,64,63,17,2
07/12/2017,18,23,2,61,1,9,2
07/08/2017,29,8,40,59,10,26,2
07/05/2017,54,9,68,4,16,21,2
07/01/2017,45,19,42,53,48,16,3
06/28/2017,46,37,29,53,68,8,2
06/24/2017,36,32,22,58,10,10,4
06/21/2017,65,14,46,68,61,13,2
06/17/2017,13,62,10,53,32,21,2
06/14/2017,63,22,5,43,57,24,2
06/10/2017,32,26,20,38,58,3,2
06/07/2017,66,57,5,69,21,13,3
06/03/2017,54,41,9,3,21,25,4
05/31/2017,60,39,33,4,46,6,2
05/27/2017,55,10,5,67,28,9,3
05/24/2017,38,28,33,32,62,15,2
05/20/2017,45,5,47,54,22,3,2
05/17/2017,39,4,48,45,11,9,3
05/13/2017,68,17,20,63,32,19,5
05/10/2017,62,31,56,46,29,8,2
05/06/2017,31,21,11,41,59,21,3
05/03/2017,18,49,66,17,59,9,2
04/29/2017,24,22,23,62,45,5,2
04/26/2017,18,1,51,15,26,26,4
04/22/2017,39,21,48,41,63,6,3
04/19/2017,1,19,52,40,37,15,3
04/15/2017,61,26,45,5,22,13,3
04/12/2017,68,63,14,8,61,24,2
04/08/2017,51,53,36,23,60,15,2
04/05/2017,53,20,54,46,8,13,2
04/01/2017,65,9,44,36,32,1,3
03/29/2017,8,62,31,36,15,11,3
03/25/2017,32,18,31,48,45,16,4
03/22/2017,2,29,9,27,42,9,2
03/18/2017,25,67,54,44,13,5,3
03/15/2017,30,16,41,48,53,16,3
03/11/2017,57,41,50,26,1,11,2
03/08/2017,42,23,59,46,33,4,2
03/04/2017,2,22,63,19,18,19,3
03/01/2017,16,10,52,40,55,17,10
02/25/2017,6,62,32,47,65,19,2
02/22/2017,52,10,61,28,13,2,2
02/18/2017,9,3,33,7,31,20,3
02/15/2017,33,5,42,38,28,19,2
02/11/2017,37,64,17,9,5,2,2
02/08/2017,49,20,42,14,66,5,2
02/04/2017,52,17,16,13,6,25,3
02/01/2017,9,60,64,43,57,10,2
01/28/2017,39,12,49,69,20,17,2
01/25/2017,18,62,66,68,28,22,2
01/21/2017,45,25,23,67,52,2,2
01/18/2017,41,9,58,40,53,12,2
01/14/2017,55,69,23,64,59,13,5
01/11/2017,1,16,13,43,3,24,2
01/07/2017,37,63,12,24,3,10,2
01/04/2017,17,16,42,41,29,4,3
12/31/2016,1,28,3,67,57,9,2
12/28/2016,30,23,44,58,16,4,2
12/24/2016,38,52,42,51,28,21,2
12/21/2016,25,68,40,54,33,3,5
12/17/2016,16,40,8,48,1,10,2
12/14/2016,39,18,66,37,26,15,3
12/10/2016,32,21,12,44,66,15,2
12/07/2016,49,64,48,41,53,20,2
12/03/2016,27,26,33,8,10,22,2
11/30/2016,3,45,25,14,18,7,2
11/26/2016,21,17,37,44,19,16,2
11/23/2016,7,61,41,47,32,3,2
11/19/2016,24,61,43,16,28,21,2
11/16/2016,28,61,63,41,65,7,2
11/12/2016,20,8,27,52,17,24,2
11/09/2016,28,31,54,25,1,2,2
11/05/2016,31,50,69,21,51,8,3
11/02/2016,18,54,61,13,37,5,2
10/29/2016,42,48,20,21,19,23,3
10/26/2016,48,56,2,16,3,24,2
10/22/2016,1,55,33,28,56,22,2
10/19/2016,43,63,16,38,10,23,2
10/15/2016,64,49,57,23,67,20,2
10/12/2016,34,44,30,16,37,16,2
10/08/2016,3,64,68,61,54,9,2
10/05/2016,60,29,18,27,8,15,2
10/01/2016,12,64,50,61,2,1,2
09/28/2016,30,53,62,38,52,1,3
09/24/2016,15,7,29,41,20,22,2
09/21/2016,63,67,1,69,28,17,4
09/17/2016,51,19,9,62,55,14,4
09/14/2016,10,31,23,28,11,14,2
09/10/2016,3,17,49,68,55,8,2
09/07/2016,23,55,33,22,29,21,2
09/03/2016,39,59,7,67,50,25,3
08/31/2016,10,56,24,61,5,12,2
08/27/2016,48,32,63,4,49,20,2
08/24/2016,25,11,9,65,64,16,3
08/20/2016,68,3,21,6,60,24,2
08/17/2016,44,49,33,50,52,8,3
08/13/2016,44,38,64,69,60,6,2
08/10/2016,64,56,61,23,67,12,5
08/06/2016,52,33,47,36,20,12,3
08/03/2016,66,27,11,9,67,2,3
07/30/2016,32,21,17,23,11,5,2
07/27/2016,10,47,68,65,50,24,2
07/23/2016,39,5,35,7,23,11,2
07/20/2016,6,58,66,25,35,5,2
07/16/2016,11,50,40,17,62,26,2
07/13/2016,57,15,29,3,54,10,3
07/09/2016,32,28,10,64,61,12,3
07/06/2016,66,57,2,31,24,18,3
07/02/2016,63,39,59,34,10,4,2
06/29/2016,29,37,23,64,60,6,2
06/25/2016,36,3,56,69,27,25,2
06/22/2016,14,42,43,52,40,17,3
06/18/2016,53,2,23,63,41,11,2
06/15/2016,33,4,24,31,22,10,2
06/11/2016,36,58,27,41,20,7,2
06/08/2016,37,69,12,25,60,20,3
06/04/2016,20,16,43,64,22,17,2
06/01/2016,40,69,33,23,30,12,5
05/28/2016,6,34,33,59,58,12,2
05/25/2016,64,24,59,41,11,15,3
05/21/2016,9,32,5,7,23,26,4
05/18/2016,25,67,39,23,54,11,3
05/14/2016,64,27,65,13,47,9,3
05/11/2016,69,32,52,66,20,23,3
05/07/2016,25,66,44,5,26,9,2
05/04/2016,47,69,30,66,57,3,3
04/30/2016,32,16,3,34,12,14,3
04/27/2016,25,39,64,2,33,17,2
04/23/2016,46,62,59,35,19,13,5
04/20/2016,62,30,12,25,52,8,3
04/16/2016,32,3,25,51,18,3,2
04/13/2016,30,35,38,33,64,22,3
04/09/2016,14,23,41,61,22,9,3
04/06/2016,65,28,49,60,4,25,2
04/02/2016,9,61,28,40,30,3,2
03/30/2016,55,24,63,53,44,19,2
03/26/2016,23,42,68,52,11,6,3
03/23/2016,22,15,49,5,8,25,3
03/19/2016,11,60,23,54,43,3,3
03/16/2016,46,50,12,13,10,21,3
03/12/2016,28,11,50,57,62,23,2
03/09/2016,32,34,14,23,68,3,3
03/05/2016,3,34,27,59,69,19,2
03/02/2016,62,52,13,12,44,6,2
02/27/2016,22,11,53,21,10,18,3
02/24/2016,67,21,65,31,64,5,3
02/20/2016,54,12,11,16,15,25,5
02/17/2016,29,27,7,40,17,25,2
02/13/2016,7,15,36,18,19,20,2
02/10/2016,2,62,40,50,3,5,2
02/06/2016,13,4,36,31,52,8,3
02/03/2016,26,60,67,31,28,23,3
01/30/2016,16,5,12,31,43,18,4
01/27/2016,40,52,3,67,12,21,2
01/23/2016,32,22,40,69,34,19,4
01/20/2016,44,5,39,69,47,24,5
01/16/2016,61,52,51,64,3,6,2
01/13/2016,8,27,34,4,19,10,2
01/09/2016,32,16,19,57,34,13,3
01/06/2016,47,2,63,62,11,17,3
01/02/2016,42,15,6,5,29,10,2
12/30/2015,12,61,54,38,36,22,3
12/26/2015,65,40,44,59,27,20,2
12/23/2015,67,16,63,38,55,25,4
12/19/2015,30,68,59,41,28,10,2
12/16/2015,9,42,10,55,32,6,2
12/12/2015,62,2,30,19,14,22,2
12/09/2015,16,46,10,56,7,1,2
12/05/2015,47,33,68,27,13,13,2
12/02/2015,14,18,19,64,32,9,2
11/28/2015,47,2,66,67,6,2,3
11/25/2015,53,16,69,58,29,21,2
11/21/2015,37,57,47,50,52,21,3
11/18/2015,40,17,46,69,41,6,2
11/14/2015,66,37,22,14,45,5,3
11/11/2015,26,4,32,55,64,18,3
11/07/2015,50,53,7,16,25,15,2
11/04/2015,12,2,17,20,65,17,4
10/31/2015,9,47,20,25,68,7,2
10/28/2015,56,62,54,63,4,10,2
10/24/2015,20,31,56,64,60,2,3
10/21/2015,57,32,30,42,56,11,4
10/17/2015,57,62,69,49,48,19,3
10/14/2015,20,15,31,40,29,1,2
10/10/2015,27,68,12,43,29,1,2
10/07/2015,52,40,48,18,30,9,3